{
    "adjusted_data": {
        "coef": 9.624664360727715e-06,
        "intercept": -0.005126976708232667,
        "MAPE": 0.15748747484823794
    },
    "unadjusted_data": {
        "coef": 0.044419664980479584,
        "intercept": -0.4680260768697728,
        "MAPE": 4.149786493513674
    }
}